"John", "Smith", "johnsmith@gmail.com"
"Jack", "Anderson", "jackanderson@gmail.com"
"Amy", "Williams", "amywilliams@gmail.com"
"Alan", "Alden", "alanalden@gmail.com"
"Rhonda", "Mack", "rhondamack@gmail.com"
"John", "Smith", "johnsmithgmail.com"
"Jack", "Anderson", "jackanderson@gmailcom"
"Amy", "Williams", "amywilli<ams@gmail.com"
"Alan", "Alden", "ala>nalden@gmail.com"
"Rhonda", "Mack", "@gmail.com"